10000,84.40097901126575,-33.7261217731222,Svalbard,Longyearbyen,None
10001,70.12601155726415,-49.60072886729637,Greenland,Nuuk,GRL
10002,89.4844345781701,69.54391726925047,Svalbard,Longyearbyen,None
10003,14.655736857554544,-126.92024927442289,Mexico,Mexico City,None
10004,-28.68202957567936,-176.34525581669007,Tonga,Nuku'alofa,None
10005,-64.5091960438704,90.12778250420405,French Southern and Antarctic Lands,Port-aux-Français,None
10006,52.66107077651631,94.91925731801228,Mongolia,Ulaanbaatar,RUS
10007,-0.5736965054002923,133.40580485472373,Palau,Melekeok,None
10008,-2.3046769498876927,53.89513530333119,Seychelles,Victoria,None
10009,13.271169622483384,115.27392042129497,Philippines,Manila,None
10010,-38.43663407206739,27.019004268411578,Lesotho,Maseru,None
10011,72.74609834956698,99.03296586352644,Svalbard,Longyearbyen,RUS
10012,84.26192515969558,-63.51409952233152,Svalbard,Longyearbyen,None
10013,39.98356920945545,-18.173699492442154,Portugal,Lisbon,None
10014,84.52484353687711,149.4943166658449,Svalbard,Longyearbyen,None
10015,55.042263513645935,-33.18036676442773,Iceland,Reykjavik,None
10016,21.64200301750924,19.865456187125602,Chad,N'Djamena,IND
10017,75.37392508631723,76.61989751689134,Svalbard,Longyearbyen,None
10018,20.298321246621853,-142.8449328397299,French Polynesia,Papeete,None
10019,14.24692541750693,38.32277282801283,Eritrea,Asmara,ETH
10020,57.13201274841083,-3.080108982362816,Isle of Man,Douglas,GBR
10021,-53.27323877425481,-7.445533448279406,South Georgia and South Sandwich Islands,King Edward Point,None
10022,-21.898982854804075,-76.54467702968326,Bolivia,La Paz,None
10023,4.390848446854221,-66.6647828273017,Venezuela,Caracas,IDN
10024,-78.81439165672103,44.033133695223825,French Southern and Antarctic Lands,Port-aux-Français,ATA
10025,-63.438227045368414,169.32806467463115,New Zealand,Wellington,None
10026,17.768052112113622,60.306100967782356,Oman,Muscat,None
10027,20.35666750327627,29.94315555119573,Sudan,Khartoum,PHL
10028,27.986649051866806,-16.224492496813184,Western Sahara,El-Aaiún,None
10029,-62.81815223046106,-93.58350385203295,Falkland Islands,Stanley,ATA
10030,11.17131937927661,47.16594415109603,Somaliland,Hargeisa,MHL
10031,-80.31023642214129,-27.70760843026366,South Georgia and South Sandwich Islands,King Edward Point,ATA
10032,-16.47127580704621,-108.54004606630305,Pitcairn Islands,Adamstown,None
10033,-79.47508024746868,-170.0071608409503,New Zealand,Wellington,None
10034,14.689894637383006,42.44480322418957,Yemen,Sanaa,None
10035,73.47351241403413,-160.90575268852012,Svalbard,Longyearbyen,None
10036,-56.48904142096926,-13.896658971755897,South Georgia and South Sandwich Islands,King Edward Point,None
10037,85.8115001061189,120.86461428304887,Svalbard,Longyearbyen,None
10038,-26.46937852258386,154.20015446150126,Australia,Canberra,None
10039,86.35298895178252,22.250899686158135,Svalbard,Longyearbyen,None
10040,-59.917825323638276,101.68939877585035,French Southern and Antarctic Lands,Port-aux-Français,None
10041,5.102840270031123,-33.82903599313508,Cape Verde,Praia,None
10042,78.91630997568544,-71.7455059995831,Svalbard,Longyearbyen,NOR
10043,22.33037262834577,-64.40989598705993,British Virgin Islands,Road Town,HKG
10044,35.28674980613427,42.993643527158696,Iraq,Baghdad,IRQ
10045,4.257778128615072,-78.6862885313968,Ecuador,Quito,None
10046,66.94846836626323,-25.29902181901798,Iceland,Reykjavik,None
10047,7.103416415275007,33.63221211590769,South Sudan,Juba,MHL
10048,53.618225190786035,176.57992577492024,Japan,Tokyo,None
10049,51.80706738050026,66.54712037496819,Kazakhstan,Astana,KAZ
10050,25.407109685679714,17.466030028781176,Libya,Tripoli,LBY
10051,9.38264796592793,-118.81185440813454,Mexico,Mexico City,None
10052,-34.77531637726786,135.41078408123514,Australia,Canberra,None
10053,-12.377586313300284,161.17725616527758,Solomon Islands,Honiara,None
10054,41.891388252310605,-114.73062438264904,Mexico,Mexico City,USA
10055,-13.30628242732574,-164.6515456553979,American Samoa,Pago Pago,None
10056,47.20214302779223,-114.7552339343203,Canada,Ottawa,USA
10057,-30.388935764202984,-3.638440870204846,Saint Helena,Jamestown,None
10058,8.897332487841595,39.98031714561233,Ethiopia,Addis Ababa,ETH
10059,-41.75737203430842,166.76244488050503,New Zealand,Wellington,None
10060,11.032802321094195,-159.1492220507046,Tokelau,Atafu,PHL
10061,38.57995771471661,132.98212044383905,South Korea,Seoul,None
10062,37.222996751661256,48.15367395896854,Iran,Tehran,IRN
10063,73.4914633826701,115.97557228960835,Svalbard,Longyearbyen,RUS
10064,-41.825804135731985,-17.93509687514438,South Georgia and South Sandwich Islands,King Edward Point,None
10065,80.10020836267086,-91.95969075726711,Svalbard,Longyearbyen,CAN
10066,63.045795731431184,5.395217302576668,Norway,Oslo,None
10067,-80.60276488273216,45.275902747319265,French Southern and Antarctic Lands,Port-aux-Français,ATA
10068,31.465881889203345,176.78826078526498,Marshall Islands,Majuro,None
10069,-67.98805859547521,-154.06608409731456,New Zealand,Wellington,None
10070,40.21176029305201,-54.368501843195816,Saint Pierre and Miquelon,Saint-Pierre,None
10071,13.48499172259416,0.21990512722712197,Niger,Niamey,BFA
10072,37.50404964067249,62.770825589134006,Turkmenistan,Ashgabat,KOR
10073,-20.847238213269534,136.80719964095152,Papua New Guinea,Port Moresby,AUS
10074,-52.95802900345813,-33.37806893679726,South Georgia and South Sandwich Islands,King Edward Point,None
10075,-83.25389818330008,73.87005066416813,French Southern and Antarctic Lands,Port-aux-Français,ATA
10076,-12.93346495326152,124.88008370741414,Timor-Leste,Dili,None
10077,-17.387157299162,40.76531633953644,Comoros,Moroni,None
10078,-43.6105486118438,-90.94333004525286,Chile,Santiago,None
10079,75.1035349613696,172.31836163766894,Svalbard,Longyearbyen,None
10080,-37.86677021533208,2.94605405917585,Namibia,Windhoek,None
10081,39.50685982557687,133.30576781683487,South Korea,Seoul,None
10082,-26.729013638635607,155.83032783975062,Australia,Canberra,None
10083,4.901459681484326,16.98086577674124,Central African Republic,Bangui,CAF
10084,24.740570562066765,-69.24655064446651,Turks and Caicos Islands,Grand Turk,JPN
10085,77.11324949220818,14.31155847951294,Svalbard,Longyearbyen,RUS
10086,-25.1133100840604,-112.46664893058205,Pitcairn Islands,Adamstown,None
10087,-11.204501908146767,35.47292333292094,Malawi,Lilongwe,AUS
10088,-27.729956142186246,-49.499743203950715,Paraguay,Asuncion,BRA
10089,48.36405037308572,13.256590579617352,Czech Republic,Prague,DEU
10090,75.60796372740606,139.08906679945983,Svalbard,Longyearbyen,RUS
10091,-84.4076245567589,-19.33622087360567,South Georgia and South Sandwich Islands,King Edward Point,ATA
10092,-3.6555358640589475,68.91661493626654,British Indian Ocean Territory,Diego Garcia,None
10093,62.360656701462034,-155.5015512568612,Svalbard,Longyearbyen,USA
10094,-57.1000856736653,-0.8370761688892401,South Georgia and South Sandwich Islands,King Edward Point,None
10095,41.64605088572418,-172.54706479263282,Japan,Tokyo,None
10096,-28.13732723056694,-49.45765144363969,Paraguay,Asuncion,BRA
10097,6.455446680786977,151.4133933644008,Federated States of Micronesia,Palikir,None
10098,-13.420071531121891,-70.32635046491139,Bolivia,La Paz,PER
10099,88.23817993372955,-44.03341714619097,Svalbard,Longyearbyen,None
10100,71.19762336443006,-21.79369775885175,Iceland,Reykjavik,GRL
10101,15.752381695855206,-77.1291585666477,Jamaica,Kingston,IND
10102,-9.022319888332959,-41.568405060216634,Brazil,Brasilia,BRA
10103,-82.61467998797073,-63.5883201157891,South Georgia and South Sandwich Islands,King Edward Point,ATA
10104,-4.794032790101866,-123.28682378324305,Pitcairn Islands,Adamstown,IDN
10105,-29.768363299114384,-63.919162141624454,Argentina,Buenos Aires,ARG
10106,68.0615117246642,60.66855712342485,Svalbard,Longyearbyen,RUS
10107,-4.614349766743501,-173.18991408068086,Tokelau,Atafu,None
10108,1.1993041244859626,-125.44846623583324,Pitcairn Islands,Adamstown,IDN
10109,-66.57422449031692,-3.461341340083436,South Georgia and South Sandwich Islands,King Edward Point,None
10110,28.94101362910206,142.56345876750845,Japan,Tokyo,None
10111,6.949369426081304,119.42264646330909,Brunei Darussalam,Bandar Seri Begawan,None
10112,-76.4740445007309,-110.51397789033956,Falkland Islands,Stanley,ATA
10113,-35.20485313422272,-114.30225943773618,Pitcairn Islands,Adamstown,None
10114,-37.74220783175126,-15.561126052850852,South Georgia and South Sandwich Islands,King Edward Point,None
10115,-44.836808724122214,-114.40251320246267,Pitcairn Islands,Adamstown,None
10116,58.22641683522164,67.06850614602567,Kazakhstan,Astana,RUS
10117,1.0798862686178694,-22.882773189870505,Sierra Leone,Freetown,IDN
10118,27.961137135612105,106.36726995673547,Vietnam,Hanoi,CHN
10119,26.5829625275083,9.993024051412704,Libya,Tripoli,LBY
10120,32.30492141285919,125.03423890184854,South Korea,Seoul,None
10121,-86.22653304009648,-87.99130089584679,South Georgia and South Sandwich Islands,King Edward Point,ATA
10122,12.182977856779942,-18.074787861950256,The Gambia,Banjul,None
10123,-20.69161424631477,-71.40403967136587,Bolivia,La Paz,None
10124,59.3736250665435,-77.34116363614484,Greenland,Nuuk,CAN
10125,-64.89763000938441,99.91946998228877,French Southern and Antarctic Lands,Port-aux-Français,None
10126,81.44764507136492,-54.07798098431394,Svalbard,Longyearbyen,GRL
10127,18.359056060030767,41.897425875663515,Yemen,Sanaa,SAU
10128,-63.8485747865655,-42.34078744202043,South Georgia and South Sandwich Islands,King Edward Point,None
10129,39.62965981682447,28.014372515239813,Greece,Athens,TUR
10130,80.03934175195698,71.86278002977829,Svalbard,Longyearbyen,None
10131,75.78748173497277,-64.67323051857589,Greenland,Nuuk,None
10132,-47.11042835907543,-138.36303164284388,Pitcairn Islands,Adamstown,None
10133,83.43831730560174,-119.97566257809197,Svalbard,Longyearbyen,None
10134,84.73514278522725,-147.80415913086225,Svalbard,Longyearbyen,None
10135,12.754061009026827,14.230103916203547,Chad,N'Djamena,CMR
10136,42.05537119464208,-57.190169291624244,Saint Pierre and Miquelon,Saint-Pierre,None
10137,-19.478707848656057,115.24495873991629,Christmas Island,The Settlement,None
10138,71.74430434086193,-52.30032080586845,Greenland,Nuuk,GRL
10139,-60.22631604161727,-87.93664293511806,Falkland Islands,Stanley,None
10140,-61.36005435968234,106.00495520191492,French Southern and Antarctic Lands,Port-aux-Français,None
10141,-74.37140684891301,17.022940076063634,South Georgia and South Sandwich Islands,King Edward Point,ATA
10142,72.9009532877927,-85.21747144267039,Greenland,Nuuk,CAN
10143,-16.401293147746756,-35.910768386056475,Brazil,Brasilia,MOZ
10144,85.168499596792,4.798725986964911,Svalbard,Longyearbyen,None
10145,-38.64389828443106,172.66778948739284,New Zealand,Wellington,None
10146,13.083613826527937,179.6979727530101,Marshall Islands,Majuro,None
10147,67.74189184695959,36.39129592594557,Finland,Helsinki,RUS
10148,70.04336208783246,-129.869390723314,Greenland,Nuuk,CAN
10149,-2.813454652280683,-90.71567167707236,Ecuador,Quito,None
10150,44.87373574437299,138.06275233439567,Japan,Tokyo,None
10151,8.296822306112475,-144.4469127572484,French Polynesia,Papeete,None
10152,29.84429267924307,-10.404830124738055,Western Sahara,El-Aaiún,None
10153,-27.116600152130495,22.63490541632578,Botswana,Gaborone,ZAF
10154,-40.687008235225385,-107.16788099253803,Pitcairn Islands,Adamstown,None
10155,-87.68838733547207,-40.840914317611066,South Georgia and South Sandwich Islands,King Edward Point,ATA
10156,-32.43393344308949,108.2533597301487,Christmas Island,The Settlement,None
10157,-8.766660810514637,59.271145288680884,Seychelles,Victoria,None
10158,-3.5409650473437324,124.83831458824073,Timor-Leste,Dili,None
10159,-47.16594747306764,106.56386855003342,French Southern and Antarctic Lands,Port-aux-Français,None
10160,68.77945695068271,-144.71401322179435,Svalbard,Longyearbyen,USA
10161,-70.75187005240778,-177.92017396646622,New Zealand,Wellington,None
10162,76.0742238856721,30.07195231732979,Svalbard,Longyearbyen,None
10163,46.20258700059421,139.6774363677448,Japan,Tokyo,None
10164,-49.33156171076806,54.07234010205525,French Southern and Antarctic Lands,Port-aux-Français,None
10165,-30.33572763201009,-0.2950326843619848,Saint Helena,Jamestown,None
10166,-80.13476757569686,-81.12865867171388,South Georgia and South Sandwich Islands,King Edward Point,ATA
10167,67.02162453378978,154.5413258609886,Mongolia,Ulaanbaatar,RUS
10168,-16.16974092017692,-70.30418127724332,Bolivia,La Paz,PER
10169,-49.584138370831425,25.91376018762375,Lesotho,Maseru,None
10170,50.499793387304805,93.69175082679754,Mongolia,Ulaanbaatar,MNG
10171,-19.463531227362893,-98.91889676322243,Peru,Lima,None
10172,-32.88298316904645,-43.41473064765793,Uruguay,Montevideo,None
10173,-6.886442806917444,-130.03136328647773,Pitcairn Islands,Adamstown,None
10174,68.64303209126615,106.2866609924319,Mongolia,Ulaanbaatar,RUS
10175,-84.69409528559561,148.45091380752302,French Southern and Antarctic Lands,Port-aux-Français,ATA
10176,-4.004899470753671,-114.33280757378742,Pitcairn Islands,Adamstown,PNG
10177,-56.30997161350432,109.24258434579144,French Southern and Antarctic Lands,Port-aux-Français,None
10178,-2.1207470804094584,-76.8641879100368,Ecuador,Quito,ECU
10179,-87.94460062790064,-111.44859013713199,South Georgia and South Sandwich Islands,King Edward Point,ATA
10180,-50.616138472913015,-9.578278445451588,South Georgia and South Sandwich Islands,King Edward Point,None
10181,5.69719151702202,-125.16009490937728,Mexico,Mexico City,None
10182,31.979346393095554,-21.790682919311138,Western Sahara,El-Aaiún,None
10183,-25.799415126069476,152.3758898487863,Australia,Canberra,AUS
10184,40.460102325635404,-136.81646160100266,Mexico,Mexico City,AZE
10185,48.50938201366159,-41.478010724902845,Saint Pierre and Miquelon,Saint-Pierre,None
10186,17.13834077909668,7.483355770796322,Niger,Niamey,NER
10187,8.088472425739639,61.498690727836845,Maldives,Male,None
10188,-67.10295064949207,-26.754897663720925,South Georgia and South Sandwich Islands,King Edward Point,None
10189,57.89008272007126,-164.56374748443827,Japan,Tokyo,USA
10190,-38.08805388338112,169.96880508462306,New Zealand,Wellington,None
10191,30.181181816631906,140.23535702175832,Japan,Tokyo,None
10192,33.24656937577056,93.16607774898034,Bhutan,Thimphu,CHN
10193,-16.24529117690038,107.60113836614818,Christmas Island,The Settlement,None
10194,68.02779994790276,-140.07591588280394,Greenland,Nuuk,CAN
10195,18.126548447922502,136.90337941057925,Guam,Hagatna,None
10196,14.848676166401987,63.62929355556432,Oman,Muscat,PHL
10197,-56.367336946791234,-97.84035306707179,Falkland Islands,Stanley,None
10198,81.40788581338361,-43.27279945658907,Svalbard,Longyearbyen,GRL
10199,17.16015693724688,-102.04278730123768,Mexico,Mexico City,YEM
10200,23.297811805045328,-11.90794381336238,Western Sahara,El-Aaiún,MRT
10201,80.03190917928902,68.39830556356597,Svalbard,Longyearbyen,None
10202,-15.353124127998598,-81.6384982087364,Peru,Lima,VUT
10203,84.96721402059512,-60.53124401740271,Svalbard,Longyearbyen,None
10204,50.59517582911289,-141.07263505707442,Canada,Ottawa,None
10205,51.256278318331965,83.6353140329494,Kazakhstan,Astana,RUS
10206,-43.106546145154745,-149.0042291378416,Cook Islands,Avarua,None
10207,85.11275435429263,-103.2757078444146,Svalbard,Longyearbyen,None
10208,-72.72846342947547,63.77642320933609,French Southern and Antarctic Lands,Port-aux-Français,ATA
10209,27.303405061404348,-102.66025478882769,Mexico,Mexico City,MEX
10210,-50.784690555636516,77.6966124050931,French Southern and Antarctic Lands,Port-aux-Français,None
10211,-63.69483094181392,-10.346200286966592,South Georgia and South Sandwich Islands,King Edward Point,None
10212,85.97341450349444,142.21712039726566,Svalbard,Longyearbyen,None
10213,-33.805217710179406,-54.17722395050883,Uruguay,Montevideo,URY
10214,25.668929809147585,-39.7982174607356,Cape Verde,Praia,None
10215,54.93754141364178,-129.17103509216048,Canada,Ottawa,CAN
10216,-5.131834726394445,5.840467885414853,Sao Tome and Principe,Sao Tome,None
10217,13.199068740504984,-70.16840159262156,Aruba,Oranjestad,None
10218,72.70316704037711,-108.76912324466925,Greenland,Nuuk,None
10219,-74.1177480183584,-134.59566107904436,Falkland Islands,Stanley,None
10220,-58.914247961986135,-38.211626043605435,South Georgia and South Sandwich Islands,King Edward Point,None
10221,56.753902577561945,-123.34150269874803,Canada,Ottawa,CAN
10222,-88.69117640964738,-63.79589167421953,South Georgia and South Sandwich Islands,King Edward Point,ATA
10223,-54.13132620568811,160.16016939527486,New Zealand,Wellington,None
10224,18.163703367249866,-112.19987536438636,Mexico,Mexico City,BLZ
10225,6.147295777932925,-100.58636209909312,Guatemala,Guatemala City,None
10226,-83.0921230706122,-52.4155405618493,South Georgia and South Sandwich Islands,King Edward Point,ATA
10227,2.9705692468522074,-4.9959623598380745,Cote d'Ivoire,Yamoussoukro,MYS
10228,-16.03219523473163,-173.7035837721678,Wallis and Futuna,Mata-Utu,PYF
10229,-44.60618557661425,36.200745000351645,Lesotho,Maseru,None
10230,-33.89581067574896,58.59895682141493,Mauritius,Port Louis,None
10231,-83.569055796649,60.28440560885994,French Southern and Antarctic Lands,Port-aux-Français,ATA
10232,-39.09194032090022,-129.1844613288721,Pitcairn Islands,Adamstown,None
10233,-74.0446567645029,-4.354718475615016,South Georgia and South Sandwich Islands,King Edward Point,ATA
10234,-49.892528109932016,-139.20543761707967,Pitcairn Islands,Adamstown,None
10235,7.5890775400304165,-94.4688911011379,El Salvador,San Salvador,None
10236,20.190508750060317,110.08688404719618,Vietnam,Hanoi,None
10237,1.2825755138739794,-144.85963613550933,French Polynesia,Papeete,ECU
10238,-12.111735800607306,58.37456736279688,Seychelles,Victoria,AUS
10239,45.94781349980505,12.29607090176225,Slovenia,Ljubljana,ITA
10240,-83.19119792311642,-162.61618204592196,South Georgia and South Sandwich Islands,King Edward Point,None
10241,82.01999260038372,-142.46384100964679,Svalbard,Longyearbyen,None
10242,21.515427058966665,-121.76793348129151,Mexico,Mexico City,None
10243,55.59567507088144,-175.88043657437044,Japan,Tokyo,None
10244,-40.920620625192306,150.8191870890588,Australia,Canberra,None
10245,70.70060748237773,160.34020301549293,Svalbard,Longyearbyen,None
10246,-16.06292278985741,149.55504416262085,Papua New Guinea,Port Moresby,None
10247,29.683283184345186,-53.28890967587701,Bermuda,Hamilton,None
10248,-29.944883808672856,175.53561178877675,Norfolk Island,Kingston,None
10249,-24.373162963846212,-56.39261625791967,Paraguay,Asuncion,PRY
10250,-6.80312739966412,-8.275154811783807,Saint Helena,Jamestown,None
10251,40.18061594034617,107.60296357212428,China,Beijing,CHN
10252,-54.9820236307008,16.628931829936874,Lesotho,Maseru,None
10253,-84.87791668773738,127.81338278840076,French Southern and Antarctic Lands,Port-aux-Français,ATA
10254,80.7839047966363,6.666262457740089,Svalbard,Longyearbyen,None
10255,60.863867958554465,24.786924214418747,Finland,Helsinki,FIN
10256,-5.251194000270459,15.529063173225666,Democratic Republic of the Congo,Kinshasa,COD
10257,23.331814991594086,-53.552244086008955,Antigua and Barbuda,Saint John's,None
10258,14.021217865551463,-82.16494342000559,Nicaragua,Managua,LCA
10259,-69.02926549709098,-56.88948071353629,Falkland Islands,Stanley,None
10260,-16.594675251139876,-121.99000721161872,Pitcairn Islands,Adamstown,None
10261,25.77620778254942,-62.0070301858524,Bermuda,Hamilton,None
10262,28.384120647974953,60.960018947246965,Oman,Muscat,IRN
10263,-13.040261467516913,-36.480488293224994,Brazil,Brasilia,None
10264,-60.04485355866164,-101.3881833812098,Falkland Islands,Stanley,None
10265,-9.89562008324954,41.25076611096472,Comoros,Moroni,None
10266,-4.995772866212491,50.037220547889376,Seychelles,Victoria,None
10267,-26.378762258347486,175.02851497930885,Norfolk Island,Kingston,None
10268,51.1541134483121,-142.62777007314222,Canada,Ottawa,None
10269,87.94684283726798,-120.9845517166346,Svalbard,Longyearbyen,None
10270,-5.8692359428654015,-111.85994322658424,Pitcairn Islands,Adamstown,IDN
10271,21.719959609846327,-8.220868697997417,Western Sahara,El-Aaiún,BGD
10272,20.108098887618496,-105.58307075361122,Mexico,Mexico City,None
10273,39.51159041018755,-81.43866400017835,United States,Washington D.C..,CHN
10274,-59.932966354373804,-45.060857189257575,South Georgia and South Sandwich Islands,King Edward Point,None
10275,21.45329529081374,108.6179670823912,Vietnam,Hanoi,None
10276,89.52823531885193,-130.22987391536543,Svalbard,Longyearbyen,None
10277,37.244021902090296,4.804792488883322,Algeria,Algiers,KOR
10278,6.867575160604105,-151.8368857965601,French Polynesia,Papeete,None
10279,37.04773590964727,158.46868154963266,Japan,Tokyo,None
10280,-18.12930061443275,142.71396599283685,Papua New Guinea,Port Moresby,AUS
10281,-68.18371564568449,-124.78389680461353,Falkland Islands,Stanley,None
10282,-87.26872546040542,71.83384008054213,South Georgia and South Sandwich Islands,King Edward Point,ATA
10283,13.932786561672856,82.98170248090281,Sri Lanka,Colombo,None
10284,-7.2340536840549845,-128.07653765033217,Pitcairn Islands,Adamstown,None
10285,8.989265022611733,-162.24503333277113,Tokelau,Atafu,None
10286,-39.852272050162206,-153.93314330855904,Cook Islands,Avarua,None
10287,-76.77508104720344,-31.782082974339374,South Georgia and South Sandwich Islands,King Edward Point,None
10288,59.49345849379603,-116.23184541146318,Canada,Ottawa,CAN
10289,4.305800726708668,-0.05005923913020638,Ghana,Accra,None
10290,43.723190800848755,-152.14189386406716,Marshall Islands,Majuro,None
10291,78.81295531899553,159.66164151611673,Svalbard,Longyearbyen,None
10292,-2.208544360903687,22.050888852676394,Republic of Congo,Brazzaville,COD
10293,-55.754272391614414,-158.17206339280455,New Zealand,Wellington,None
10294,-19.709698970609296,-56.94437588723197,Paraguay,Asuncion,BRA
10295,-6.656681870477357,-172.44041314551168,Tokelau,Atafu,None
10296,74.57401183447575,84.13752940542167,Svalbard,Longyearbyen,None
10297,-47.41998193446554,96.48922456642418,French Southern and Antarctic Lands,Port-aux-Français,None
10298,71.5003457966269,116.18336391333071,Svalbard,Longyearbyen,RUS
10299,-2.5117363125049508,-95.2797805129157,Costa Rica,San Jose,None
10300,-26.509427859143976,166.00285445577185,Norfolk Island,Kingston,None
10301,-63.77284102099135,-130.1411546975227,Falkland Islands,Stanley,None
10302,38.43761251310721,-14.083241549784105,Portugal,Lisbon,KOR
10303,-29.880084947309854,-178.09490301671383,Tonga,Nuku'alofa,None
10304,4.889997919939503,-37.37975151521664,Cape Verde,Praia,MDV
10305,-7.573560703522645,-143.56520678280918,French Polynesia,Papeete,SLB
10306,-34.02162618023088,23.670716876700567,Lesotho,Maseru,None
10307,83.00034390696496,32.23829302732628,Svalbard,Longyearbyen,None
10308,-48.90464506307925,-12.61539324018679,South Georgia and South Sandwich Islands,King Edward Point,None
10309,-74.82347140374745,-148.4667404757841,New Zealand,Wellington,None
10310,-35.70130988100143,-161.96561837522057,Cook Islands,Avarua,None
10311,-47.042035908733595,80.05151612832555,French Southern and Antarctic Lands,Port-aux-Français,None
10312,-57.851305167076404,-133.87595081232453,Pitcairn Islands,Adamstown,None
10313,-72.9714206217825,-27.028551757205292,South Georgia and South Sandwich Islands,King Edward Point,None
10314,41.32107265280217,11.794477633930768,Vatican City,Vatican City,None
10315,77.28923973235916,111.27068703348823,Svalbard,Longyearbyen,None
10316,-14.735527174377523,-71.36283998959492,Bolivia,La Paz,PER
10317,76.73669614216163,-138.86002567753553,Svalbard,Longyearbyen,CAN
10318,-72.04234659503068,12.300780188250286,South Georgia and South Sandwich Islands,King Edward Point,ATA
10319,12.235276746170058,-33.91022359468869,Cape Verde,Praia,None
10320,49.64302728109581,-167.2777600047972,Japan,Tokyo,CAN
10321,73.97571419488176,-74.58648111330984,Greenland,Nuuk,None
10322,71.01975417906169,-105.0995576303311,Greenland,Nuuk,CAN
10323,-1.0333833956507448,-105.36087849220752,Mexico,Mexico City,IDN
10324,23.480570871335715,154.0430529927591,Northern Mariana Islands,Saipan,None
10325,18.621261377747416,-17.69411346772344,Mauritania,Nouakchott,None
10326,-15.453572937382077,-171.64660433646822,American Samoa,Pago Pago,VUT
10327,-28.168525042605815,-134.6057408455278,Pitcairn Islands,Adamstown,None
10328,-12.817650406227628,-38.614747970743224,Brazil,Brasilia,None
10329,-45.16305224048902,-41.80386824774922,South Georgia and South Sandwich Islands,King Edward Point,None
10330,7.19893403032475,-14.04049255502801,Sierra Leone,Freetown,None
10331,-23.477115500358877,-140.35704399104083,Pitcairn Islands,Adamstown,None
10332,84.09587340142838,2.8403009903422287,Svalbard,Longyearbyen,None
10333,1.9000100921806933,-32.34341581686343,Cape Verde,Praia,MDV
10334,59.39892773670809,-27.01441129548718,Iceland,Reykjavik,None
10335,58.32226196704417,71.82609979828976,Kazakhstan,Astana,RUS
10336,-1.795719376783012,163.58066055462916,Nauru,Yaren,None
10337,88.79524475645556,167.01939573290508,Svalbard,Longyearbyen,None
10338,30.750178893930737,-4.4551487463668025,Morocco,Rabat,MAR
10339,-81.91963322739247,79.46415644303897,French Southern and Antarctic Lands,Port-aux-Français,ATA
10340,49.21309314527352,12.642204978365328,Czech Republic,Prague,DEU
10341,-33.166432970251684,74.53616550471634,French Southern and Antarctic Lands,Port-aux-Français,None
10342,50.31606268470318,69.32750772743012,Kazakhstan,Astana,KAZ
10343,-28.477360301291327,69.6477286930367,Mauritius,Port Louis,AUS
10344,-61.38317285758508,-149.99127755059544,New Zealand,Wellington,None
10345,-10.093434655546346,-67.22807223006895,Bolivia,La Paz,BRA
10346,-63.977858294606804,-67.71123443919616,Falkland Islands,Stanley,None
10347,-87.49256493783572,18.267029112378765,South Georgia and South Sandwich Islands,King Edward Point,ATA
10348,73.52763068044993,-136.77155229387577,Svalbard,Longyearbyen,RUS
10349,65.55190340053613,11.54681194685105,Norway,Oslo,None
10350,-29.67314649437754,61.30170581449505,Mauritius,Port Louis,None
10351,65.17108394237715,-176.8254495363088,Svalbard,Longyearbyen,None
10352,-30.975774967421458,-119.16693871854976,Pitcairn Islands,Adamstown,None
10353,37.05498045421474,-18.616616210964906,Portugal,Lisbon,None
10354,3.2885695861371147,-104.91303869347077,Mexico,Mexico City,None
10355,-26.208527819733952,136.00249946461082,Australia,Canberra,AUS
10356,68.3713927090543,-24.329549055437468,Iceland,Reykjavik,None
10357,-34.45771442230571,155.84875465540216,Australia,Canberra,None
10358,-77.2579676737136,-31.496614172830107,South Georgia and South Sandwich Islands,King Edward Point,ATA
10359,8.16009138680576,-136.04330252292115,French Polynesia,Papeete,PHL
10360,-25.47995031454343,2.533892227572437,Saint Helena,Jamestown,None
10361,86.13718727845495,58.78398734419494,Svalbard,Longyearbyen,None
10362,-10.363425746097235,178.3653465446253,Tuvalu,Funafuti,None
10363,-15.348003888884165,-6.432836259261933,Saint Helena,Jamestown,VUT
10364,-46.47297622846308,126.19919860728447,Australia,Canberra,None
10365,72.72194641466976,-142.9999947447242,Svalbard,Longyearbyen,None
10366,-11.513290736336018,40.98514591649777,Comoros,Moroni,AUS
10367,33.610291821661605,-148.63263655672154,Marshall Islands,Majuro,None
10368,26.20125432911209,-81.31774758084286,Cuba,Havana,USA
10369,88.10186579291783,156.49989880354457,Svalbard,Longyearbyen,None
10370,31.046498537064508,-120.05992166764248,Mexico,Mexico City,None
10371,-21.419887021308043,-26.668540672579553,Saint Helena,Jamestown,None
10372,-39.56191560383349,-69.60090683197872,Chile,Santiago,ARG
10373,-27.983833014901187,34.27164154857755,Mozambique,Maputo,None
10374,39.22418613568027,4.692923693302049,Algeria,Algiers,None
10375,-70.68250303396017,-59.05117908463373,Falkland Islands,Stanley,ATA
10376,86.14357430409729,74.33165111716377,Svalbard,Longyearbyen,None
10377,-21.18447613574014,64.15294690588624,Mauritius,Port Louis,None
10378,75.01802683909929,24.8147908302098,Svalbard,Longyearbyen,None
10379,-77.52490394093948,-27.301016505145554,South Georgia and South Sandwich Islands,King Edward Point,ATA
10380,-44.55839503555115,-163.667399569164,New Zealand,Wellington,None
10381,26.474055027204926,-11.913839081288558,Western Sahara,El-Aaiún,MAR
10382,-61.729295576844706,-88.71329774393902,Falkland Islands,Stanley,None
10383,16.70684779674272,-144.9403655799868,French Polynesia,Papeete,None
10384,-25.77441974009767,-131.2980491368949,Pitcairn Islands,Adamstown,None
10385,88.03671856254243,-3.996341925555953,Svalbard,Longyearbyen,None
10386,73.0987068445852,57.97587358681895,Svalbard,Longyearbyen,RUS
10387,72.27153406614104,-111.72819286421698,Greenland,Nuuk,CAN
10388,-2.2951657084945793,-58.35166498928237,Suriname,Paramaribo,BRA
10389,15.039163965846143,127.37477492202805,Philippines,Manila,None
10390,-88.33113042427301,68.79162390619007,South Georgia and South Sandwich Islands,King Edward Point,ATA
10391,60.713928635132135,-124.49108701914419,Greenland,Nuuk,CAN
10392,71.12375609290908,130.06978569021538,Mongolia,Ulaanbaatar,None
10393,40.72487983116534,-91.04347906081885,United States,Washington D.C..,USA
10394,41.26497696447018,-132.0735402266561,Mexico,Mexico City,None
10395,59.684524241845,17.76479210441181,Sweden,Stockholm,SWE
10396,76.06035938012997,-68.2803807074856,Greenland,Nuuk,None
10397,-85.02691375892907,13.943810840055164,South Georgia and South Sandwich Islands,King Edward Point,ATA
10398,-58.61578251169131,74.61292177266063,French Southern and Antarctic Lands,Port-aux-Français,None
10399,-87.56142092748841,-139.35042183042725,South Georgia and South Sandwich Islands,King Edward Point,ATA
10400,-12.081773419482332,6.002682256276586,Angola,Luanda,MDG
10401,-43.6997947247683,-134.0850492133879,Pitcairn Islands,Adamstown,None
10402,-89.83387253470737,-60.86973870451364,South Georgia and South Sandwich Islands,King Edward Point,ATA
10403,-53.27800959683486,-98.33002080643487,Falkland Islands,Stanley,None
10404,-86.07637926854896,87.23309261582375,French Southern and Antarctic Lands,Port-aux-Français,ATA
10405,-39.300092053469776,71.18199350934296,French Southern and Antarctic Lands,Port-aux-Français,None
10406,46.1503459991323,105.06886221867148,Mongolia,Ulaanbaatar,MNG
10407,-41.05363379403883,-159.76592165399933,New Zealand,Wellington,None
10408,-71.47876033274788,132.45669395653994,French Southern and Antarctic Lands,Port-aux-Français,ATA
10409,81.793794808895,-2.4932588843651615,Svalbard,Longyearbyen,None
10410,79.83767119620788,26.025927496215672,Svalbard,Longyearbyen,NOR
10411,-2.2033758992374146,156.38180121632416,Solomon Islands,Honiara,None
10412,-52.88853757136418,-26.324491442145046,South Georgia and South Sandwich Islands,King Edward Point,None
10413,-4.611445104366055,56.082649955412194,Seychelles,Victoria,None
10414,88.79083863881331,-57.97278377035295,Svalbard,Longyearbyen,None
10415,29.195940680141533,-0.15694829326878335,Morocco,Rabat,DZA
10416,-54.1984554008019,-172.73598955858282,New Zealand,Wellington,None
10417,9.793261905451487,-28.844101194504503,Cape Verde,Praia,None
10418,-41.25030030019812,4.825984624039052,Namibia,Windhoek,None
10419,-83.20773232038853,-145.573216950706,South Georgia and South Sandwich Islands,King Edward Point,ATA
10420,-82.36786665281512,126.07391404750126,French Southern and Antarctic Lands,Port-aux-Français,ATA
10421,23.882208832974754,-70.40282421105023,Turks and Caicos Islands,Grand Turk,None
10422,-37.59640117204492,-16.57524786379571,South Georgia and South Sandwich Islands,King Edward Point,None
10423,-17.629874524549223,62.7351066181501,Mauritius,Port Louis,None
10424,36.25994069610904,-136.6492416307725,Mexico,Mexico City,None
10425,-46.144292799814856,-73.01660200366224,Falkland Islands,Stanley,CHL
10426,-1.5445869114909954,-4.9829742897194365,Antarctica,N/A,None
10427,45.54682108009041,132.80262400554005,North Korea,Pyongyang,CHN
10428,-3.995206283538522,-73.24941958452989,Ecuador,Quito,IDN
10429,-34.89800486970027,19.859564657527727,Lesotho,Maseru,None
10430,6.170944562244358,-179.79432188382208,Marshall Islands,Majuro,None
10431,-37.136514962096086,-83.4918853128892,Chile,Santiago,None
10432,55.70957828847108,-121.87332038930279,Canada,Ottawa,CAN
10433,78.76451215753448,141.45901311352196,Svalbard,Longyearbyen,None
10434,82.62986990581086,103.90861429600466,Svalbard,Longyearbyen,None
10435,20.204626611185887,138.8691781380429,Northern Mariana Islands,Saipan,None
10436,78.5605004363363,-75.96609860024479,Greenland,Nuuk,CAN
10437,66.97866977501684,-95.36307338761927,Greenland,Nuuk,CAN
10438,-21.627909472666516,-71.9154745066661,Bolivia,La Paz,None
10439,0.3673886398109971,171.89713139683874,Kiribati,Tarawa,None
10440,-48.60444059852647,-138.7635764288019,Pitcairn Islands,Adamstown,None
10441,-18.619329563197965,51.53026870493423,Madagascar,Antananarivo,None
10442,-72.31626338299444,135.22799495965438,French Southern and Antarctic Lands,Port-aux-Français,ATA
10443,-64.30596312292141,36.21714951079255,French Southern and Antarctic Lands,Port-aux-Français,None
10444,-50.76472199715683,-153.35529969759335,New Zealand,Wellington,None
10445,-4.440407378753122,-137.1781492549676,French Polynesia,Papeete,None
10446,36.66086970723059,-153.65703400492927,Marshall Islands,Majuro,GRC
10447,1.8946578489302652,103.6498043526683,Singapore,Singapore,MYS
10448,-35.92253348000214,-51.39951065013929,Uruguay,Montevideo,None
10449,-61.7676259482305,51.99830111290194,French Southern and Antarctic Lands,Port-aux-Français,None
10450,-60.77749518514587,17.69914253411855,South Georgia and South Sandwich Islands,King Edward Point,None
10451,29.236056000048578,78.35223901492623,India,New Delhi,IND
10452,73.8925665861774,-20.206939006961903,Svalbard,Longyearbyen,RUS
10453,77.7988525602147,6.720649207257452,Svalbard,Longyearbyen,None
10454,-11.710881792037839,166.3677169119627,Vanuatu,Port-Vila,None
10455,-69.30803330077666,-61.006789368471374,Falkland Islands,Stanley,None
10456,-28.609340614414627,86.70188414527917,Cocos Islands,West Island,None
10457,67.98378194792906,-26.614512098421955,Iceland,Reykjavik,None
10458,84.51244815087372,-42.41792024079368,Svalbard,Longyearbyen,None
10459,32.97205792280178,73.21965008542207,Pakistan,Islamabad,PAK
10460,-83.38430018718765,15.457141242356869,South Georgia and South Sandwich Islands,King Edward Point,ATA
10461,-34.517741842724796,-14.631676159983243,Saint Helena,Jamestown,AUS
10462,31.2072126287905,-146.1346748076716,Mexico,Mexico City,None
10463,-22.951969545413974,-22.331561604820934,Saint Helena,Jamestown,None
10464,60.451841604634865,-172.95696207883555,Japan,Tokyo,USA
10465,-89.36412751240682,94.88413119917237,South Georgia and South Sandwich Islands,King Edward Point,ATA
10466,-52.90411647914599,-53.96006617299791,Falkland Islands,Stanley,None
10467,-59.03929979642849,74.38712371841675,French Southern and Antarctic Lands,Port-aux-Français,None
10468,26.990461001245677,-55.709648999751394,Bermuda,Hamilton,None
10469,14.105363285364334,-86.82473203221446,Honduras,Tegucigalpa,HND
10470,-53.24192466635286,-34.64656956878946,South Georgia and South Sandwich Islands,King Edward Point,None
10471,39.031643789623274,-90.2314678350148,United States,Washington D.C..,USA
10472,-27.9770478481407,-113.21405421592355,Pitcairn Islands,Adamstown,None
10473,-31.836566587089294,38.62390485592394,Mozambique,Maputo,None
10474,-81.60539462491175,41.03512140840306,French Southern and Antarctic Lands,Port-aux-Français,ATA
10475,-65.82867658281359,-135.67985021329508,New Zealand,Wellington,None
10476,-54.79095335863438,-38.33151414431268,South Georgia and South Sandwich Islands,King Edward Point,None
10477,23.66062217975906,-72.1607360165686,Turks and Caicos Islands,Grand Turk,None
10478,38.95119027587015,-58.80798826019205,Saint Pierre and Miquelon,Saint-Pierre,None
10479,15.409098796571314,160.4890648292349,Federated States of Micronesia,Palikir,None
10480,22.824718093408364,151.5031178545214,Northern Mariana Islands,Saipan,None
10481,-48.894318557117074,105.09985157246376,French Southern and Antarctic Lands,Port-aux-Français,None
10482,74.94509770394052,43.02961954165846,Svalbard,Longyearbyen,None
10483,-26.545436960914635,146.66945577683225,Australia,Canberra,AUS
10484,-10.376653764253618,-54.597040548452725,Brazil,Brasilia,BRA
10485,69.01933529764943,-28.677113206518527,Iceland,Reykjavik,GRL
10486,-17.355748152929436,-135.7880065247233,Pitcairn Islands,Adamstown,None
10487,64.26680952893432,-143.53060387815458,Greenland,Nuuk,CAN
10488,30.921269735679218,-154.8764952064598,Marshall Islands,Majuro,None
10489,33.74160984694012,-0.5279570964883646,Algeria,Algiers,DZA
10490,64.99098853247037,174.08425210912827,Japan,Tokyo,RUS
10491,50.150962936937475,-79.71639329238464,Canada,Ottawa,CAN
10492,-30.06443484106751,-35.38001459345696,Uruguay,Montevideo,None
10493,-75.69785338003308,43.09761778857822,French Southern and Antarctic Lands,Port-aux-Français,ATA
10494,-36.70294589146417,40.75434833622555,Mozambique,Maputo,None
10495,87.22747041525312,-136.8467501086201,Svalbard,Longyearbyen,None
10496,23.85691301676026,3.762577151427479,Niger,Niamey,DZA
10497,7.5505757575627825,101.37399401145035,Malaysia,Kuala Lumpur,None
10498,-43.728488589717585,-153.56426088338736,Cook Islands,Avarua,None
10499,-89.34506328498004,-113.76647002826357,South Georgia and South Sandwich Islands,King Edward Point,ATA
10500,54.68428001723376,94.78235175114622,Mongolia,Ulaanbaatar,RUS
10501,-26.74890155795878,-136.81586280104483,Pitcairn Islands,Adamstown,None
10502,18.21855694208847,-42.203870741667714,Barbados,Bridgetown,None
10503,-15.72835078540622,-44.42249624677808,Brazil,Brasilia,AUS
10504,2.4860304160414444,89.60652517660975,Sri Lanka,Colombo,None
10505,-4.391490099387724,-32.624023771143385,Brazil,Brasilia,None
10506,24.469592660998003,88.12736208301556,Bangladesh,Dhaka,IND
10507,60.391502649063085,137.01648173277636,Mongolia,Ulaanbaatar,RUS
10508,-23.732100221281513,76.45653932121252,British Indian Ocean Territory,Diego Garcia,None
10509,-63.254478951777955,49.22845101084408,French Southern and Antarctic Lands,Port-aux-Français,None
10510,44.40952082644387,-115.12976511196022,Canada,Ottawa,USA
10511,-59.24125761328658,-14.543220127693388,South Georgia and South Sandwich Islands,King Edward Point,None
10512,-20.49929381456134,-169.39729620911928,Niue,Alofi,None
10513,59.50981442283603,18.333669453567012,Sweden,Stockholm,SWE
10514,63.53696135256206,-155.13369075705387,Svalbard,Longyearbyen,CAN
10515,-51.20263628944244,-116.51828034769773,Pitcairn Islands,Adamstown,None
10516,53.9182706263594,132.44592864430683,North Korea,Pyongyang,RUS
10517,-54.588751165135335,-131.1670506644706,Pitcairn Islands,Adamstown,None
10518,-52.7425476360576,-141.09888497273153,Pitcairn Islands,Adamstown,None
10519,87.97237243490227,108.57102002725628,Svalbard,Longyearbyen,None
10520,-38.03297940393932,-126.37594222777741,Pitcairn Islands,Adamstown,None
10521,-33.2740713065003,177.54831153881423,New Zealand,Wellington,None
10522,12.37337944898266,15.235283874324182,Chad,N'Djamena,MMR
10523,22.829144558684575,-155.92559843876498,Marshall Islands,Majuro,None
10524,10.48240631817373,75.2583387028831,Sri Lanka,Colombo,KHM
10525,-61.81449462867866,66.9990801994316,French Southern and Antarctic Lands,Port-aux-Français,None
10526,-51.66608591953625,106.67425915941323,French Southern and Antarctic Lands,Port-aux-Français,None
10527,59.31530884544162,-49.58949889615141,Greenland,Nuuk,GBR
10528,19.655454306142133,63.31855186154729,Oman,Muscat,None
10529,27.05402587670531,-132.54769933904402,Mexico,Mexico City,None
10530,-22.916646913684588,4.746044862277444,Namibia,Windhoek,None
10531,-4.636538544314561,18.745187614340153,Democratic Republic of the Congo,Kinshasa,COD
10532,37.40416149694066,47.04781948860963,Armenia,Yerevan,IRN
10533,7.597091019474703,156.42369149545408,Federated States of Micronesia,Palikir,None
10534,-39.103102484456535,-167.07957632755404,New Zealand,Wellington,None
10535,-3.632236667026433,30.580220903048257,Burundi,Bujumbura,IDN
10536,17.660673382698974,4.812355523453505,Niger,Niamey,NER
10537,-21.22546628099154,-54.76278553784873,Paraguay,Asuncion,BRA
10538,-66.17790245656107,-77.23081815392284,Falkland Islands,Stanley,None
10539,32.00838664626124,132.5180750782522,Japan,Tokyo,None
10540,39.511135644376736,96.01664201151954,Mongolia,Ulaanbaatar,CHN
10541,-42.386541433139286,-122.18407749289251,Pitcairn Islands,Adamstown,None
10542,-10.962635493397741,-9.54687696373449,Saint Helena,Jamestown,None
10543,-43.78152696812071,-3.794899843780769,South Georgia and South Sandwich Islands,King Edward Point,None
10544,60.36701321545769,-9.107028696633506,Faroe Islands,Torshavn,None
10545,-20.415263550709867,-8.211087128000258,Saint Helena,Jamestown,None
10546,-89.88902723302294,-108.90508828693575,South Georgia and South Sandwich Islands,King Edward Point,ATA
10547,-36.07639435586585,11.920695924152739,Namibia,Windhoek,None
10548,36.26655663864992,-37.248593626128354,Saint Pierre and Miquelon,Saint-Pierre,None
10549,-71.73811503934218,113.64533807361391,French Southern and Antarctic Lands,Port-aux-Français,ATA
10550,27.320350761722423,-102.35499728827776,Mexico,Mexico City,MEX
10551,-38.62824252093388,-166.3794449737017,New Zealand,Wellington,None
10552,58.630488679133435,139.16190781858103,North Korea,Pyongyang,RUS
10553,-48.20236394319296,-32.060321813364,South Georgia and South Sandwich Islands,King Edward Point,None
10554,-84.65810061641947,174.68490878861456,South Georgia and South Sandwich Islands,King Edward Point,ATA
10555,17.64882313932175,101.17737518005293,Laos,Vientiane,LAO
10556,-62.84521791943871,170.73857719111652,New Zealand,Wellington,None
10557,-71.84220294223643,-72.35560358844526,Falkland Islands,Stanley,None
10558,-0.012008591390952006,-23.56103450181331,Sierra Leone,Freetown,None
10559,77.60468895694231,30.666209231594905,Svalbard,Longyearbyen,RUS
10560,-27.461444368554517,-138.09736008255697,Pitcairn Islands,Adamstown,None
10561,-48.60505623693624,165.30113234496116,New Zealand,Wellington,None
10562,-24.39607581142677,158.21503874508676,New Caledonia,Noumea,None
10563,68.70078418390256,28.313492728777334,Finland,Helsinki,FIN
10564,42.76238843952501,95.63732090858588,Mongolia,Ulaanbaatar,CHN
10565,-55.476588776041844,168.57035117831697,New Zealand,Wellington,None
10566,-20.47363879741951,137.55170993269098,Papua New Guinea,Port Moresby,AUS
10567,56.95972096752129,163.21614428036543,Japan,Tokyo,None
10568,-18.873550053308776,17.569494399660954,Namibia,Windhoek,NAM
10569,-58.5199935977456,-113.77961373999038,Falkland Islands,Stanley,None
10570,30.71518152652665,26.867891403912836,Egypt,Cairo,EGY
10571,18.788516190196646,61.05581766159281,Oman,Muscat,None
10572,23.21663124504238,43.85846261373203,Saudi Arabia,Riyadh,SAU
10573,50.891466681730634,109.95432468853193,Mongolia,Ulaanbaatar,RUS
10574,-8.356902969041982,12.475200215944142,Angola,Luanda,IDN
10575,21.530220199578253,86.43070362269475,Bangladesh,Dhaka,IND
10576,-46.22406213800544,16.011288048113983,Lesotho,Maseru,None
10577,61.9802960404196,-108.94876247882391,Greenland,Nuuk,CAN
10578,-73.24219985405026,-155.1972675543716,New Zealand,Wellington,ATA
10579,-73.45486000016095,79.57521604242663,French Southern and Antarctic Lands,Port-aux-Français,ATA
10580,-68.18362880665948,-55.20682096078551,South Georgia and South Sandwich Islands,King Edward Point,None
10581,-79.5990312096537,-165.17467866817088,New Zealand,Wellington,None
10582,-17.025621343492404,106.81171093345074,Christmas Island,The Settlement,None
10583,60.62942411828311,-3.5298743938118093,Faroe Islands,Torshavn,None
10584,20.915033620117242,-173.69393724380748,Marshall Islands,Majuro,CHN
10585,75.89426261570037,-16.22804274776368,Svalbard,Longyearbyen,None
10586,-57.83560885720055,-103.42760198689281,Falkland Islands,Stanley,None
10587,26.380520521317592,-100.88072081511034,Mexico,Mexico City,MEX
10588,57.93914690520245,47.38473128260395,Russia,Moscow,RUS
10589,35.30445938025433,160.62732245126966,Japan,Tokyo,None
10590,26.005018794788384,159.9193054962774,Northern Mariana Islands,Saipan,None
10591,41.997779970315634,-145.5066463809285,Mexico,Mexico City,None
10592,-40.01948738605741,53.32933403770633,French Southern and Antarctic Lands,Port-aux-Français,None
10593,-54.07543237504645,-2.283773711427415,South Georgia and South Sandwich Islands,King Edward Point,None
10594,26.089539608271693,97.9876322069577,Bangladesh,Dhaka,MMR
10595,78.16982435052057,-46.159908473701535,Svalbard,Longyearbyen,GRL
10596,-83.89162481675577,141.71739753717787,French Southern and Antarctic Lands,Port-aux-Français,ATA
10597,86.5133592559587,-140.6049898079865,Svalbard,Longyearbyen,None
10598,-46.80315889105286,14.349117226964864,Lesotho,Maseru,None
10599,-26.709242039783113,88.4370791548705,Cocos Islands,West Island,None
10600,-14.841216454364371,166.21608613654047,Vanuatu,Port-Vila,None
10601,23.653637644938016,-61.7599240793721,Anguilla,The Valley,None
10602,1.464358688378752,-175.31857314065513,Tokelau,Atafu,None
10603,48.3849666954865,120.81860910644468,China,Beijing,CHN
10604,-5.739068361803788,56.7247533944377,Seychelles,Victoria,None
10605,45.50266639479045,-174.86684100305936,Japan,Tokyo,None
10606,-38.89462377964522,173.60545331561883,New Zealand,Wellington,None
10607,19.812935514223184,-73.47666796466928,Haiti,Port-au-Prince,None
10608,68.34455230059308,122.43110623950878,Mongolia,Ulaanbaatar,RUS
10609,-59.41312386860587,-150.02166859841296,New Zealand,Wellington,None
10610,28.547394085978183,-121.0280912365091,Mexico,Mexico City,None
10611,68.78597872114366,57.75425210725396,Svalbard,Longyearbyen,None
10612,-49.11570332948903,159.58625731497278,New Zealand,Wellington,None
10613,47.08093619767817,-161.24089760269032,Japan,Tokyo,None
10614,-25.646532143352616,-86.92560974060457,Chile,Santiago,None
10615,49.348265877487705,-154.03863939925392,Japan,Tokyo,USA
10616,54.923266941958104,126.86280189180059,Mongolia,Ulaanbaatar,RUS
10617,54.897260558670695,-108.58843465053643,Canada,Ottawa,CAN
10618,12.14430052168278,46.44333398364748,Djibouti,Djibouti,None
10619,-8.805338521381572,80.33903871948502,British Indian Ocean Territory,Diego Garcia,None
10620,-68.31177540462477,-159.29263997052968,New Zealand,Wellington,None
10621,-77.68719554199163,3.928596799439134,South Georgia and South Sandwich Islands,King Edward Point,ATA
10622,-75.26499656093773,-106.00931300752227,Falkland Islands,Stanley,None
10623,35.11616746724967,-127.07698223317824,Mexico,Mexico City,None
10624,52.60964305006311,146.7661438993452,Japan,Tokyo,None
10625,-6.599044654339139,175.38010841702896,Tuvalu,Funafuti,None
10626,38.16174200600105,-146.62107484948208,Mexico,Mexico City,CHN
10627,63.568336990613034,-11.829421124330565,Faroe Islands,Torshavn,None
10628,-24.621921697499047,-33.137208348481494,Brazil,Brasilia,None
10629,-29.65032503645449,-77.08456777759794,Chile,Santiago,None
10630,31.73334393063645,-59.27126917264941,Bermuda,Hamilton,None
10631,-4.0752992589800385,56.318085803414135,Seychelles,Victoria,PNG
10632,6.63513574845426,-156.80314818885918,Tokelau,Atafu,None
10633,72.98766359138219,35.44610448946344,Svalbard,Longyearbyen,None
10634,-82.23760781319235,150.86166746612366,French Southern and Antarctic Lands,Port-aux-Français,ATA
10635,-71.31376749820713,77.92905945382881,French Southern and Antarctic Lands,Port-aux-Français,ATA
10636,-35.73178992906804,-173.4081169982211,New Zealand,Wellington,None
10637,-36.754837578670134,-45.41964971814156,Uruguay,Montevideo,None
10638,-7.526752435925374,-69.13676343754287,Peru,Lima,BRA
10639,27.5152483304758,83.39905885359286,Nepal,Kathmandu,NPL
10640,6.281330616069923,29.380178747417887,South Sudan,Juba,SSD
10641,4.545008183365539,138.1866199748588,Palau,Melekeok,None
10642,-14.856509547664785,-97.54214190572434,Peru,Lima,None
10643,-19.982045099809824,75.84386524977117,British Indian Ocean Territory,Diego Garcia,None
10644,76.03263334512837,-67.34191934528445,Greenland,Nuuk,GRL
10645,32.70941442444929,-149.1058032339109,Marshall Islands,Majuro,None
10646,-63.00454296782259,137.78125651916707,Australia,Canberra,None
10647,57.36157495702517,88.92895533277505,Kazakhstan,Astana,RUS
10648,-55.5846420445546,33.965276160613314,French Southern and Antarctic Lands,Port-aux-Français,None
10649,-70.61064601929547,86.1630151863576,French Southern and Antarctic Lands,Port-aux-Français,ATA
10650,74.28815775002425,170.532752269894,Svalbard,Longyearbyen,None
10651,-16.96228247740629,131.806337959227,Timor-Leste,Dili,AUS
10652,-86.8172009405201,131.19148588479476,South Georgia and South Sandwich Islands,King Edward Point,ATA
10653,69.59310961187339,-139.9668866371958,Svalbard,Longyearbyen,CAN
10654,7.592692466087172,162.90159370336897,Federated States of Micronesia,Palikir,None
10655,56.92360190769131,-70.29058268731302,Greenland,Nuuk,CAN
10656,-34.9942326209259,106.29044625802487,Cocos Islands,West Island,None
10657,-54.446128638687476,85.05276912975859,French Southern and Antarctic Lands,Port-aux-Français,None
10658,-22.276177163851955,-164.31734304964147,Cook Islands,Avarua,None
10659,72.41845400117734,128.89670240745312,Svalbard,Longyearbyen,RUS
10660,-69.30047768670977,125.15422028946205,French Southern and Antarctic Lands,Port-aux-Français,ATA
10661,-83.94195214289343,-113.34360623780093,South Georgia and South Sandwich Islands,King Edward Point,ATA
10662,16.595045037639338,-33.89190954236736,Cape Verde,Praia,None
10663,6.547070055607662,-26.65761075979333,Cape Verde,Praia,None
10664,84.70649620458451,-74.4220442822731,Svalbard,Longyearbyen,None
10665,84.72132615382819,-91.94418133643062,Svalbard,Longyearbyen,None
10666,13.211497915862282,138.36764771157254,Guam,Hagatna,None
10667,49.2179670899709,173.11074648958032,Japan,Tokyo,None
10668,33.40334379094834,107.20394608177088,China,Beijing,CHN
10669,67.12524013583158,130.65577721011272,Mongolia,Ulaanbaatar,RUS
10670,-44.71532791122229,-64.27829071209479,Falkland Islands,Stanley,None
10671,58.26367652893882,-84.86257310586923,Canada,Ottawa,None
10672,-59.696779685835324,-173.5137669402115,New Zealand,Wellington,None
10673,-69.65357110995988,-114.19218600487524,Falkland Islands,Stanley,None
10674,-23.94913652743,10.33220519186213,Namibia,Windhoek,None
10675,-40.797772049025454,144.87506578706996,Australia,Canberra,AUS
10676,58.899926605710675,-91.10244047568028,Canada,Ottawa,GBR
10677,-53.49840349888784,78.5185010717143,French Southern and Antarctic Lands,Port-aux-Français,None
10678,-80.46018304670558,97.60389556838192,French Southern and Antarctic Lands,Port-aux-Français,ATA
10679,6.084469807300451,-136.04799276273744,French Polynesia,Papeete,MHL
10680,69.21992954472648,56.63369423150377,Svalbard,Longyearbyen,None
10681,-77.14185615874213,173.39509780919866,New Zealand,Wellington,None
10682,-76.83721968851656,-126.31520309609775,Falkland Islands,Stanley,ATA
10683,62.95136963117295,140.92155807552808,Mongolia,Ulaanbaatar,RUS
10684,-82.87069902767621,12.098123601186728,South Georgia and South Sandwich Islands,King Edward Point,ATA
10685,-14.040986665868601,145.46163051008546,Papua New Guinea,Port Moresby,None
10686,42.698094534690455,11.00992821838733,Vatican City,Vatican City,ITA
10687,86.89019269074925,160.53389944911885,Svalbard,Longyearbyen,None
10688,71.0602193198363,149.78131862577084,Svalbard,Longyearbyen,RUS
10689,-67.25655381286671,18.76427662304127,South Georgia and South Sandwich Islands,King Edward Point,None
10690,-52.33218650337552,-133.59514900256548,Pitcairn Islands,Adamstown,None
10691,34.17996471266986,158.18966386827583,Japan,Tokyo,None
10692,50.68214853422984,175.2697373088635,Japan,Tokyo,None
10693,48.85182687017297,7.953658681221469,Luxembourg,Luxembourg,FRA
10694,-88.57882259772697,151.18135158505856,South Georgia and South Sandwich Islands,King Edward Point,ATA
10695,45.2230569720366,6.414459065393601,Monaco,Monaco,FRA
10696,-70.48425429910738,-147.08332333804552,New Zealand,Wellington,ATA
10697,-3.579760785239614,-72.19795168007302,Ecuador,Quito,IDN
10698,-57.221202044036445,-138.96905634981752,Pitcairn Islands,Adamstown,None
10699,-7.354936872830592,-5.713028634602466,Saint Helena,Jamestown,None
10700,-25.799208576662167,-21.440622878902616,Saint Helena,Jamestown,None
10701,-59.02465372397136,42.15885971820424,French Southern and Antarctic Lands,Port-aux-Français,None
10702,30.84184222711707,-155.27056340396842,Marshall Islands,Majuro,None
10703,25.518572355227974,-135.7786343862153,Mexico,Mexico City,None
10704,-76.8580742447407,106.70009287383829,French Southern and Antarctic Lands,Port-aux-Français,ATA
10705,-19.834895732716063,-83.6397299815872,Peru,Lima,None
10706,-3.4007280227675807,-5.082863236583023,Antarctica,N/A,PNG
10707,39.56000812393111,113.391796434725,China,Beijing,CHN
10708,80.46358683850653,-113.31681022430072,Svalbard,Longyearbyen,RUS
10709,-61.309643928472596,-143.51097748170812,New Zealand,Wellington,None
10710,-12.915073191126822,-17.58194840938239,Saint Helena,Jamestown,None
10711,60.277214397904714,-60.094163342296966,Greenland,Nuuk,None
10712,-15.769146123220452,-19.41583299575143,Saint Helena,Jamestown,None
10713,34.12925663336932,-25.442133207140643,Western Sahara,El-Aaiún,JPN
10714,-9.343550700443501,-145.13415459470372,French Polynesia,Papeete,IDN
10715,73.26983236938457,121.58315968420601,Svalbard,Longyearbyen,None
10716,1.6199497223610706,-121.06743449036118,Mexico,Mexico City,STP
10717,73.5047563128606,85.12610987104387,Svalbard,Longyearbyen,RUS
10718,85.23392923800353,-128.22907060327236,Svalbard,Longyearbyen,None
10719,64.65787918262757,-83.73150435801617,Greenland,Nuuk,CAN
10720,5.547086772570182,-89.62764753523075,Costa Rica,San Jose,None
10721,28.139579792717726,57.75444650211554,Oman,Muscat,IRN
10722,-23.685243139390877,-59.19345676766211,Paraguay,Asuncion,PRY
10723,-56.05601321852962,-116.48930375567289,Pitcairn Islands,Adamstown,None
10724,69.46937890296977,165.46214581444593,Svalbard,Longyearbyen,RUS
10725,24.688889655844193,55.23258734777039,United Arab Emirates,Abu Dhabi,ARE
10726,-48.77189971943032,-89.27121043131751,Falkland Islands,Stanley,ATF
10727,30.51747038745441,16.13727112514806,Libya,Tripoli,LBY
10728,21.059009828310025,170.8105933212483,Marshall Islands,Majuro,None
10729,-70.94690914333948,-19.963215242323002,South Georgia and South Sandwich Islands,King Edward Point,None
10730,67.04273227888382,-8.45150397468666,Faroe Islands,Torshavn,None
10731,44.10662665243939,-164.71109739084,Marshall Islands,Majuro,HRV
10732,-43.12292366945267,-75.59780714144549,Chile,Santiago,None
10733,-64.60696010945288,-14.530619276701344,South Georgia and South Sandwich Islands,King Edward Point,None
10734,-67.45439523168302,177.58194705552876,New Zealand,Wellington,None
10735,85.3823989713832,48.22471494538718,Svalbard,Longyearbyen,None
10736,-40.60763683379158,-32.95560829674264,South Georgia and South Sandwich Islands,King Edward Point,None
10737,80.4474328398747,11.81671486263292,Svalbard,Longyearbyen,None
10738,8.110289156104429,165.8943060666537,Marshall Islands,Majuro,None
10739,18.24767044533263,-121.43490860054969,Mexico,Mexico City,None
10740,-36.12051058513513,6.141439711826337,Namibia,Windhoek,NZL
10741,49.81874990377736,-74.02020795105385,Canada,Ottawa,CAN
10742,65.3191953170732,147.560127834286,Mongolia,Ulaanbaatar,RUS
10743,-54.50573793730254,-104.97632584938881,Falkland Islands,Stanley,None
10744,-49.67933052112341,74.62742466466759,French Southern and Antarctic Lands,Port-aux-Français,None
10745,-25.865993112409328,129.31827282652586,Timor-Leste,Dili,AUS
10746,-55.46121618927045,97.46730015031699,French Southern and Antarctic Lands,Port-aux-Français,None
10747,47.1563976512484,-23.073199295731314,Ireland,Dublin,None
10748,-40.19595565074368,159.49556366498422,Australia,Canberra,None
10749,33.92411724277443,-113.61739285515793,Mexico,Mexico City,USA
10750,-22.843906244105725,0.26084979510110884,Saint Helena,Jamestown,None
10751,61.84561250696376,97.01374752822204,Mongolia,Ulaanbaatar,RUS
10752,-32.92348023861747,41.525648134414524,Mozambique,Maputo,None
10753,11.135702208145943,-147.66128231548834,French Polynesia,Papeete,GHA
10754,-76.40786697448989,54.2146594190057,French Southern and Antarctic Lands,Port-aux-Français,ATA
10755,66.5266050772413,-109.73350030828342,Greenland,Nuuk,CAN
10756,9.170589398210225,160.37098982035332,Federated States of Micronesia,Palikir,None
10757,-84.21290440914369,-147.27208793747224,South Georgia and South Sandwich Islands,King Edward Point,ATA
10758,-82.58168968309597,18.14148902311132,South Georgia and South Sandwich Islands,King Edward Point,ATA
10759,16.74885074481668,103.10034577773132,Laos,Vientiane,THA
10760,25.533607117472656,130.06706967105168,Taiwan,Taipei,None
10761,49.97369978154137,-147.96093442572817,Canada,Ottawa,None
10762,64.43453510950809,-65.47561618566142,Greenland,Nuuk,CAN
10763,64.91896057572532,22.278231182875658,Finland,Helsinki,None
10764,74.67778686954725,76.76962443133664,Svalbard,Longyearbyen,None
10765,69.9081609457242,-128.53843480169652,Greenland,Nuuk,CAN
10766,-8.76493791634249,85.30445172851245,Cocos Islands,West Island,None
10767,9.283122156852357,134.33706978888665,Palau,Melekeok,None
10768,43.76952552118166,125.63712013005266,North Korea,Pyongyang,CHN
10769,59.16048631446549,55.3177073590507,Russia,Moscow,RUS
10770,32.88791280246521,-42.8471199215212,Saint Pierre and Miquelon,Saint-Pierre,None
10771,-31.819768140536695,130.9771307683469,Australia,Canberra,None
10772,49.281679266165014,43.25495467650799,Russia,Moscow,RUS
10773,71.11037040921391,-53.066854749225925,Greenland,Nuuk,NOR
10774,-86.28950847384507,92.99840164916981,French Southern and Antarctic Lands,Port-aux-Français,ATA
10775,-71.98571692725629,33.83210191475058,French Southern and Antarctic Lands,Port-aux-Français,ATA
10776,-21.08488650622438,39.45347795144315,Madagascar,Antananarivo,None
10777,30.53663246294846,154.9274323963961,Japan,Tokyo,None
10778,-60.220820929040315,39.38064013994881,French Southern and Antarctic Lands,Port-aux-Français,None
10779,-68.46547980176874,114.74868789602522,French Southern and Antarctic Lands,Port-aux-Français,ATA
10780,-27.288139931803258,73.25696145093582,Mauritius,Port Louis,None
10781,-82.0098279803438,168.43729938523353,New Zealand,Wellington,None
10782,68.72106441050633,-94.02051753679774,Greenland,Nuuk,None
10783,83.25535254797722,51.37308615602245,Svalbard,Longyearbyen,None
10784,-1.4827741830621477,95.95876919033083,Malaysia,Kuala Lumpur,None
10785,4.853363363200927,-55.099127817793686,Suriname,Paramaribo,SUR
10786,19.777846743951883,-153.7887483050486,Tokelau,Atafu,None
10787,13.621756268593217,-159.40217519769018,Tokelau,Atafu,None
10788,57.30818750490158,-74.365826414364,Canada,Ottawa,CAN
10789,1.536037286776633,143.0168387373318,Palau,Melekeok,KIR
10790,-20.18305127749889,8.265580412615066,Namibia,Windhoek,None
10791,8.436240945965835,78.37778537337914,Sri Lanka,Colombo,None
10792,56.088443811881376,61.87112892587274,Kazakhstan,Astana,RUS
10793,-87.5602272890592,41.93208137946317,South Georgia and South Sandwich Islands,King Edward Point,ATA
10794,-72.58961047993131,-147.09265035075165,New Zealand,Wellington,None
10795,60.65029896886165,-52.39888340167843,Greenland,Nuuk,None
10796,11.246907472753122,-77.91024564011383,Panama,Panama City,None
10797,17.01270001668594,142.92224641010154,Northern Mariana Islands,Saipan,None
10798,-37.97914749974648,130.60710335902724,Australia,Canberra,None
10799,8.797650015912637,-149.61677239912865,French Polynesia,Papeete,None
10800,54.26532246567152,-47.098218829566264,Saint Pierre and Miquelon,Saint-Pierre,None
10801,-66.01723124837655,47.04450581404936,French Southern and Antarctic Lands,Port-aux-Français,None
10802,64.67740102299808,149.6344063844125,Mongolia,Ulaanbaatar,RUS
10803,-69.1726049560943,37.861458342940324,French Southern and Antarctic Lands,Port-aux-Français,None
10804,-50.395983347830075,168.98084854962497,New Zealand,Wellington,None
10805,-65.39747341489459,-106.49409985939553,Falkland Islands,Stanley,None
10806,-79.26971294843177,40.90822138914942,French Southern and Antarctic Lands,Port-aux-Français,ATA
10807,60.13988887040702,79.67982688284951,Kazakhstan,Astana,RUS
10808,-81.69660589731978,67.94578265232738,French Southern and Antarctic Lands,Port-aux-Français,ATA
10809,-6.568639378823491,152.28779433583867,Papua New Guinea,Port Moresby,None
10810,-59.71655342269584,-65.10638741117369,Falkland Islands,Stanley,None
10811,24.36408361990337,-92.19437001497441,Belize,Belmopan,ARE
10812,-63.54542614019846,97.10039007892573,French Southern and Antarctic Lands,Port-aux-Français,None
10813,-67.32979169575677,154.02225461467856,New Zealand,Wellington,None
10814,-87.99473200064335,17.856274476683012,South Georgia and South Sandwich Islands,King Edward Point,ATA
10815,29.82888550439911,51.203862037926996,Kuwait,Kuwait City,IRN
10816,-20.647180147436416,32.793184798265344,Zimbabwe,Harare,MOZ
10817,76.2372014905526,-37.37800271663343,Svalbard,Longyearbyen,GRL
10818,68.7618501613222,115.1716111905439,Mongolia,Ulaanbaatar,RUS
10819,-20.431005531546163,-115.07344810965868,Pitcairn Islands,Adamstown,None
10820,-12.584468088178937,-19.33152536402494,Saint Helena,Jamestown,None
10821,-21.98751260599377,-24.95203868703888,Saint Helena,Jamestown,None
10822,-18.256522576586335,-91.96024269597508,Peru,Lima,None
10823,-35.75618665324473,-26.770741028701707,South Georgia and South Sandwich Islands,King Edward Point,None
10824,72.85069445136548,84.91819216791248,Svalbard,Longyearbyen,RUS
10825,-64.32887448404625,48.941824601217064,French Southern and Antarctic Lands,Port-aux-Français,None
10826,-9.344247906309391,16.7649732066306,Angola,Luanda,AGO
10827,42.14859387669995,111.81165996094711,China,Beijing,CHN
10828,56.31953043296784,-112.8392351854282,Canada,Ottawa,CAN
10829,-30.38127757234328,178.65757308702445,Norfolk Island,Kingston,None
10830,-76.15068543865414,-91.60110976337708,Falkland Islands,Stanley,ATA
10831,51.34534694674039,107.68030974421765,Mongolia,Ulaanbaatar,RUS
10832,-86.73104137500184,99.7146484714284,French Southern and Antarctic Lands,Port-aux-Français,ATA
10833,-77.58242586555336,-54.67468432622056,South Georgia and South Sandwich Islands,King Edward Point,None
10834,-61.46545609413356,6.365007356031441,South Georgia and South Sandwich Islands,King Edward Point,None
10835,-89.54163669646864,171.52112075451964,South Georgia and South Sandwich Islands,King Edward Point,ATA
10836,7.060258963387923,5.7696955726922,Nigeria,Abuja,NGA
10837,-29.70645704284174,-60.86284105195368,Argentina,Buenos Aires,ARG
10838,62.62676646392046,139.16313521246593,Mongolia,Ulaanbaatar,RUS
10839,21.489880534891668,-172.11909575662145,Marshall Islands,Majuro,None
10840,56.173004990477295,57.045250579377495,Kazakhstan,Astana,RUS
10841,45.156499041279375,-100.41686891334861,Canada,Ottawa,USA
10842,6.3202706074173705,116.35773276061258,Brunei Darussalam,Bandar Seri Begawan,MYS
10843,43.28795718428961,-103.24191361950562,Canada,Ottawa,USA
10844,48.31971057684234,18.739862074989617,Hungary,Budapest,SVK
10845,57.350543957826346,37.39018015290853,Russia,Moscow,RUS
10846,-86.30561086988651,168.1158145088703,South Georgia and South Sandwich Islands,King Edward Point,ATA
10847,-25.78846712327784,143.25010772325834,Australia,Canberra,AUS
10848,-43.79593729954088,-66.08183844147977,Falkland Islands,Stanley,ARG
10849,30.01729979488148,56.73251561204623,United Arab Emirates,Abu Dhabi,IRN
10850,-20.54386294624959,120.86058389759535,Timor-Leste,Dili,AUS
10851,-65.66243617285433,52.563678802358595,French Southern and Antarctic Lands,Port-aux-Français,ATA
10852,-21.80235623312396,-37.20361908758488,Brazil,Brasilia,None
10853,82.91728331564113,62.535432133113886,Svalbard,Longyearbyen,None
10854,28.18289623081627,26.499041769617264,Egypt,Cairo,EGY
10855,-21.636662600796,-48.841196675187916,Brazil,Brasilia,BRA
10856,-67.11205364646473,-172.9215413723396,New Zealand,Wellington,None
10857,-48.34132854242113,77.0456251717979,French Southern and Antarctic Lands,Port-aux-Français,None
10858,7.963715470935682,53.284584876482484,Somaliland,Hargeisa,None
10859,41.813234274230126,139.44262357827915,Japan,Tokyo,None
10860,87.0404889836812,91.33307561740878,Svalbard,Longyearbyen,None
10861,-85.22131192152429,-169.0860196474362,South Georgia and South Sandwich Islands,King Edward Point,ATA
10862,-87.72513082667334,37.484204618423036,South Georgia and South Sandwich Islands,King Edward Point,ATA
10863,-30.54360014479527,138.33360553748156,Australia,Canberra,AUS
10864,36.351925910541226,37.24291603147864,Lebanon,Beirut,SYR
10865,43.928521642029295,84.30752432495075,Kyrgyzstan,Bishkek,CHN
10866,-19.85257123947933,-34.90273432260915,Brazil,Brasilia,None
10867,-71.60437568696877,-118.85512133832154,Falkland Islands,Stanley,None
10868,-34.06283830555478,-13.346156141255335,Saint Helena,Jamestown,None
10869,-85.71132180912683,76.53275003601425,French Southern and Antarctic Lands,Port-aux-Français,ATA
10870,-88.44979047405694,110.05237123253761,South Georgia and South Sandwich Islands,King Edward Point,ATA
10871,-24.263686799011708,-61.185302857799954,Paraguay,Asuncion,ARG
10872,30.09520166609157,165.46014204184763,Japan,Tokyo,None
10873,70.718449818484,-13.59914535049009,Iceland,Reykjavik,None
10874,-70.994947547182,-42.12718753854497,South Georgia and South Sandwich Islands,King Edward Point,None
10875,-65.96436283522247,105.75840458263133,French Southern and Antarctic Lands,Port-aux-Français,None
10876,-79.25737558624648,-109.20631635830807,Falkland Islands,Stanley,ATA
10877,-39.339846037980436,2.7486644987794477,Namibia,Windhoek,None
10878,49.076821484242856,141.34638952518617,Japan,Tokyo,None
10879,-87.34154837629563,-55.63822128794044,South Georgia and South Sandwich Islands,King Edward Point,ATA
10880,46.45758987731875,-65.97576078460924,Saint Pierre and Miquelon,Saint-Pierre,CAN
10881,80.53393889616368,162.75668696339943,Svalbard,Longyearbyen,None
10882,-58.10468142158086,-106.66261777190711,Falkland Islands,Stanley,None
10883,-13.91688028986053,173.29903744064416,Vanuatu,Port-Vila,None
10884,53.16501644004944,-167.9871882156315,Japan,Tokyo,None
10885,53.9683256366352,146.5241534850952,Japan,Tokyo,None
10886,-40.53560399486383,96.20654262660412,French Southern and Antarctic Lands,Port-aux-Français,None
10887,47.65734624303161,-74.508141153601,Canada,Ottawa,CAN
10888,55.424316753996294,-165.84645311894744,Japan,Tokyo,USA
10889,33.03502769081264,44.462284642125894,Iraq,Baghdad,IRQ
10890,-4.3687051823591645,81.80506185047597,British Indian Ocean Territory,Diego Garcia,None
10891,-52.70672507007534,-90.41297128296935,Falkland Islands,Stanley,CHL
10892,53.20052298744332,88.95715374908059,Kazakhstan,Astana,RUS
10893,-87.02604770370067,-22.7939033522687,South Georgia and South Sandwich Islands,King Edward Point,ATA
10894,-18.21138543423163,81.00696238844012,British Indian Ocean Territory,Diego Garcia,AUS
10895,34.619421937473774,-15.519470036777562,Portugal,Lisbon,None
10896,33.23242348685537,-93.49513526070882,Cuba,Havana,USA
10897,58.94375630361529,161.19541010435609,Japan,Tokyo,RUS
10898,-53.071269301624,-63.35528886321569,Falkland Islands,Stanley,None
10899,4.561043555039902,-141.81440962681103,French Polynesia,Papeete,None
10900,-44.83157329822211,142.74101351345246,Australia,Canberra,None
10901,23.03858435585103,-79.00416623403773,Bahamas,Nassau,None
10902,-46.75347636231151,-110.79669514101622,Pitcairn Islands,Adamstown,CHL
10903,-67.72452950842957,4.0645409957828065,South Georgia and South Sandwich Islands,King Edward Point,None
10904,-77.88596779379104,34.50602644999148,French Southern and Antarctic Lands,Port-aux-Français,ATA
10905,21.002123130658234,157.1256571645534,Northern Mariana Islands,Saipan,None
10906,58.38690021660531,-64.67690689683779,Greenland,Nuuk,CAN
10907,-27.18139930269436,78.81571816393932,Mauritius,Port Louis,None
10908,-69.5113820100407,-12.482796775749335,South Georgia and South Sandwich Islands,King Edward Point,None
10909,37.010904857489734,153.81960198784782,Japan,Tokyo,None
10910,30.57686302259276,-94.47126562208932,Mexico,Mexico City,USA
10911,-47.77743666154487,81.21521830789061,French Southern and Antarctic Lands,Port-aux-Français,None
10912,22.94055657101069,-131.6239962234872,Mexico,Mexico City,None
10913,-29.911912650203178,129.40228503907224,Australia,Canberra,AUS
10914,42.74077486975585,97.31111945513373,Mongolia,Ulaanbaatar,CHN
10915,32.26326892863344,88.1366110026018,Bhutan,Thimphu,CHN
10916,-49.13642500969224,-145.21389023890103,Pitcairn Islands,Adamstown,None
10917,59.67340659908999,-120.82485427631778,Canada,Ottawa,CAN
10918,42.94454533677313,-19.874474881438715,Portugal,Lisbon,None
10919,-2.0595314249991645,108.9651303928614,Indonesia,Jakarta,None
10920,36.95520101704636,103.60174062097138,China,Beijing,CHN
10921,88.78684779576133,88.5895432747862,Svalbard,Longyearbyen,None
10922,80.36452323719175,-168.21468450159182,Svalbard,Longyearbyen,None
10923,-45.26442988157445,22.941072353232386,Lesotho,Maseru,NZL
10924,-3.2607884435178818,141.34333415723154,Papua New Guinea,Port Moresby,PNG
10925,77.49909741318976,26.32037077935226,Svalbard,Longyearbyen,None
10926,-46.34297833633285,-66.34430654534485,Falkland Islands,Stanley,None
10927,18.57303662493939,-169.18565454353873,Marshall Islands,Majuro,PHL
10928,15.046724550812016,-137.06747484900495,French Polynesia,Papeete,None
10929,-43.4424736473623,122.58028763171694,Australia,Canberra,None
10930,-9.907284041563543,178.3987599163566,Tuvalu,Funafuti,None
10931,-25.196272849430187,-150.6442504137884,French Polynesia,Papeete,None
10932,-26.196570062940864,-105.88811228133568,Pitcairn Islands,Adamstown,None
10933,84.75512266632424,-161.5521416434301,Svalbard,Longyearbyen,None
10934,-33.589405430033054,109.66680280080544,Christmas Island,The Settlement,None
10935,-8.870620324721685,-71.7216876031546,Peru,Lima,BRA
10936,67.10087042917525,178.5852674726869,Svalbard,Longyearbyen,RUS
10937,14.294646769006434,51.88566126297863,Yemen,Sanaa,None
10938,22.268511345747967,-129.5115271076144,Mexico,Mexico City,None
10939,-7.826737418136588,-9.118220002279145,Saint Helena,Jamestown,None
10940,54.0384710629408,172.07878656118805,Japan,Tokyo,None
10941,75.50184838341065,-38.97499570734459,Greenland,Nuuk,GRL
10942,-38.201874319104256,-108.5214391193529,Pitcairn Islands,Adamstown,None
10943,-66.4325797597568,-144.80661352378775,New Zealand,Wellington,None
10944,65.64832177114232,-74.03404793039293,Greenland,Nuuk,None
10945,-87.59296618017544,-42.838711572032764,South Georgia and South Sandwich Islands,King Edward Point,ATA
10946,-69.86369517528337,-125.96222318537056,Falkland Islands,Stanley,None
10947,87.05104922086412,72.43635086246286,Svalbard,Longyearbyen,None
10948,49.87308871152712,-159.84373568779984,Japan,Tokyo,None
10949,-66.07256736699004,98.67499953741617,French Southern and Antarctic Lands,Port-aux-Français,None
10950,-26.675053105624208,89.6893812027435,Cocos Islands,West Island,None
10951,4.331206484359086,-32.045900158080826,Cape Verde,Praia,None
10952,-76.33075400210349,-148.6315342147144,New Zealand,Wellington,ATA
10953,-38.69328445492752,-47.480407685853265,Uruguay,Montevideo,None
10954,-46.81675230244301,78.42357755706172,French Southern and Antarctic Lands,Port-aux-Français,None
10955,-28.776429904676824,4.154319440048482,Namibia,Windhoek,None
10956,23.25853270488122,-82.9920212890395,Cuba,Havana,None
10957,18.810659127536724,-89.10604535572783,Belize,Belmopan,MEX
10958,58.00211703709846,-48.82055964935182,Greenland,Nuuk,None
10959,-6.356641996023015,-106.2290129021894,Guatemala,Guatemala City,None
10960,-1.7628453056701403,-22.706582901202182,Sierra Leone,Freetown,IDN
10961,55.85860539022457,-155.9155091119516,Svalbard,Longyearbyen,GBR
10962,39.354136351463666,134.5448232570206,Japan,Tokyo,None
10963,-67.9593049024945,-116.75381272842269,Falkland Islands,Stanley,None
10964,34.44434858453782,-158.05001317780813,Marshall Islands,Majuro,JPN
10965,-51.55901995409568,72.75002940190296,French Southern and Antarctic Lands,Port-aux-Français,None
10966,-85.6946323384619,89.5759386108744,French Southern and Antarctic Lands,Port-aux-Français,ATA
10967,27.174259318164985,92.32043922977022,Bhutan,Thimphu,IND
10968,5.925020867094503,109.82101038380233,Brunei Darussalam,Bandar Seri Begawan,None
10969,-77.33912015068617,-65.2495985223988,South Georgia and South Sandwich Islands,King Edward Point,None
10970,-80.35972079072022,-92.03318483099352,Falkland Islands,Stanley,ATA
10971,-59.344748755106366,10.409652847690268,South Georgia and South Sandwich Islands,King Edward Point,None
10972,73.89574335830011,-167.77817347551706,Svalbard,Longyearbyen,GRL
10973,36.44511954953744,150.65002251095325,Japan,Tokyo,None
10974,-59.3369070685021,107.54141314433781,French Southern and Antarctic Lands,Port-aux-Français,None
10975,87.5719990585958,137.14677607616807,Svalbard,Longyearbyen,None
10976,-20.84705493279995,175.29258278336704,Fiji,Suva,None
10977,52.09531363477734,-65.291838193565,Saint Pierre and Miquelon,Saint-Pierre,CAN
10978,-4.005368355866992,88.93620044519594,Cocos Islands,West Island,PNG
10979,65.75896462772002,-133.44105561521582,Greenland,Nuuk,CAN
10980,12.309416917847528,103.61041965738355,Cambodia,Phnom Penh,KHM
10981,17.308958236878468,-11.284935676884203,Mauritania,Nouakchott,MNP
10982,-33.2049935377952,-43.79194441906927,Uruguay,Montevideo,None
10983,54.92418149131635,-114.2908089770072,Canada,Ottawa,CAN
10984,-49.352274024350606,-30.775915065701668,South Georgia and South Sandwich Islands,King Edward Point,None
10985,-34.30705742374399,-135.97424208529108,Pitcairn Islands,Adamstown,None
10986,75.64076459172782,15.7292665540636,Svalbard,Longyearbyen,RUS
10987,-32.12976799095684,-129.09637664638234,Pitcairn Islands,Adamstown,None
10988,-71.16403990515678,-43.67783762382055,South Georgia and South Sandwich Islands,King Edward Point,None
10989,67.15339401808072,-6.793179484993857,Faroe Islands,Torshavn,None
10990,30.264555805707147,-53.77883559370122,Bermuda,Hamilton,None
10991,29.985800663964483,159.0343236529926,Japan,Tokyo,None
10992,62.61031102960757,-157.73872077282746,Svalbard,Longyearbyen,USA
10993,-27.977678491334387,81.26136633115482,Cocos Islands,West Island,None
10994,-16.01689625825786,-77.24980195832039,Peru,Lima,None
10995,-22.980913220561177,-50.1670848190974,Paraguay,Asuncion,BRA
10996,-56.443871922539614,-35.57271363881969,South Georgia and South Sandwich Islands,King Edward Point,None
10997,68.52024394612471,-97.65821561944622,Greenland,Nuuk,None
10998,12.805635067361735,160.18990558263937,Federated States of Micronesia,Palikir,None
10999,66.29404626557007,103.9886103952727,Mongolia,Ulaanbaatar,RUS
